-- Adminer 3.6.1 MySQL dump

SET NAMES utf8;
SET foreign_key_checks = 0;
SET time_zone = 'SYSTEM';
SET sql_mode = 'NO_AUTO_VALUE_ON_ZERO';

INSERT INTO `app_additionalCost` (`id`, `name`) VALUES
(1,	'Půjčovné čipu'),
(2,	'Ubytování'),
(3,	'Stravování'),
(4,	'Parkování'),
(5,	'Doprava na etapy'),
(6,	'Doprovodný program'),
(7,	'Stravování I'),
(8,	'Stravování II'),
(9,	'Stravování III');

INSERT INTO `app_category` (`id`, `name`, `defaultPrice`) VALUES
(1,	'TESTA',	30.00),
(4,	'H14A',	40.00),
(5,	'H16A',	30.00),
(6,	'H18A',	30.00),
(7,	'H21A',	30.00),
(8,	'H35A',	30.00),
(9,	'H45A',	30.00),
(10,	'H55A',	30.00),
(11,	'H40A',	30.00),
(12,	'H50A',	30.00),
(13,	'H60A',	30.00),
(14,	'H70A',	30.00),
(15,	'H65A',	30.00),
(16,	'H75A',	30.00),
(17,	'H20A',	30.00),
(18,	'D10N',	30.00),
(20,	'D14A',	30.00),
(21,	'D16A',	30.00),
(22,	'D18A',	30.00),
(23,	'D21A',	30.00),
(24,	'D35A',	30.00),
(25,	'D45A',	30.00),
(26,	'D55A',	30.00),
(27,	'D40A',	30.00),
(28,	'D50A',	30.00),
(29,	'D60A',	30.00),
(30,	'D70A',	30.00),
(31,	'D65A',	30.00),
(32,	'D75A',	30.00),
(33,	'D20A',	30.00),
(34,	'TESTB',	30.00),
(36,	'H12B',	30.00),
(37,	'H14B',	30.00),
(38,	'H16B',	30.00),
(39,	'H18B',	30.00),
(40,	'H21B',	30.00),
(41,	'H35B',	30.00),
(42,	'H45B',	30.00),
(43,	'H55B',	30.00),
(44,	'H40B',	30.00),
(45,	'H50B',	30.00),
(46,	'H60B',	30.00),
(47,	'H70B',	30.00),
(48,	'H65B',	30.00),
(49,	'H75B',	30.00),
(50,	'H20B',	30.00),
(52,	'D12B',	30.00),
(53,	'D14B',	30.00),
(54,	'D16B',	30.00),
(55,	'D18B',	30.00),
(56,	'D21B',	30.00),
(57,	'D35B',	30.00),
(58,	'D45B',	30.00),
(59,	'D55B',	30.00),
(60,	'D40B',	30.00),
(61,	'D50B',	30.00),
(62,	'D60B',	30.00),
(63,	'D70B',	30.00),
(64,	'D65B',	30.00),
(65,	'D75B',	30.00),
(66,	'D20B',	30.00),
(67,	'TESTC',	30.00),
(68,	'H10C',	40.00),
(69,	'H12C',	40.00),
(70,	'H14C',	40.00),
(71,	'H16C',	80.00),
(72,	'H18C',	80.00),
(73,	'H21C',	70.00),
(74,	'H35C',	30.00),
(75,	'H45C',	30.00),
(76,	'H55C',	30.00),
(77,	'H40C',	30.00),
(78,	'H50C',	30.00),
(79,	'H60C',	30.00),
(80,	'H70C',	30.00),
(81,	'H65C',	30.00),
(82,	'H75C',	30.00),
(83,	'H20C',	30.00),
(84,	'D10C',	40.00),
(85,	'D12C',	40.00),
(86,	'D14C',	40.00),
(87,	'D16C',	80.00),
(88,	'D18C',	80.00),
(89,	'D21C',	70.00),
(90,	'D35C',	80.00),
(91,	'D45C',	80.00),
(92,	'D55C',	80.00),
(93,	'D40C',	30.00),
(94,	'D50C',	30.00),
(95,	'D60C',	30.00),
(96,	'D70C',	30.00),
(97,	'D65C',	30.00),
(98,	'D75C',	30.00),
(99,	'D20C',	30.00),
(100,	'TEST',	30.00),
(101,	'H10',	40.00),
(102,	'H12',	40.00),
(103,	'H14',	40.00),
(104,	'H16',	70.00),
(105,	'H18',	70.00),
(106,	'H21',	30.00),
(107,	'H35',	70.00),
(108,	'H45',	70.00),
(109,	'H55',	70.00),
(110,	'H40',	30.00),
(111,	'H50',	30.00),
(112,	'H60',	30.00),
(113,	'H70',	30.00),
(114,	'H65',	70.00),
(115,	'H75',	30.00),
(116,	'H20',	30.00),
(117,	'D10',	40.00),
(118,	'D12',	40.00),
(119,	'D14',	40.00),
(120,	'D16',	70.00),
(121,	'D18',	70.00),
(122,	'D21',	70.00),
(123,	'D35',	70.00),
(124,	'D45',	70.00),
(125,	'D55',	70.00),
(126,	'D40',	30.00),
(127,	'D50',	30.00),
(128,	'D60',	30.00),
(129,	'D70',	30.00),
(130,	'D65',	30.00),
(131,	'D75',	30.00),
(132,	'D20',	30.00),
(133,	'H10N',	40.00),
(134,	'H21D',	70.00),
(135,	'H21E',	30.00),
(136,	'D21D',	70.00),
(137,	'D21E',	30.00),
(138,	'T1',	30.00),
(139,	'T2',	30.00),
(140,	'T3',	30.00),
(141,	'T4',	30.00),
(142,	'T5',	30.00),
(143,	'T6',	30.00),
(144,	'T7',	30.00),
(146,	'TPR',	30.00),
(148,	'H105',	30.00),
(149,	'H140',	30.00),
(150,	'H165',	30.00),
(151,	'D105',	30.00),
(152,	'D140',	30.00),
(153,	'D165',	30.00),
(157,	'Rodina z L',	30.00),
(158,	'Rodina odj',	30.00),
(159,	'HROB - HH',	30.00),
(160,	'HROB - HD',	30.00),
(161,	'HROB - DD',	30.00),
(162,	'HROB - HH4',	30.00),
(164,	'HROB - DD4',	30.00),
(166,	'HROB - HD4',	30.00),
(167,	'HROB - PP',	30.00),
(172,	'HDR',	40.00),
(174,	'RD',	30.00),
(175,	'P',	40.00),
(176,	'T8',	30.00),
(177,	'P3',	30.00),
(178,	'MIX',	50.00),
(179,	'D12D',	30.00),
(180,	'D14D',	30.00),
(181,	'D16D',	30.00),
(182,	'D45D',	30.00),
(183,	'D35D',	30.00),
(184,	'H12D',	30.00),
(185,	'H14D',	30.00),
(186,	'H16D',	30.00),
(187,	'H35D',	30.00),
(188,	'H45D',	30.00),
(189,	'H55D',	30.00),
(190,	'H65D',	30.00),
(191,	'TE',	30.00),
(192,	'A',	30.00),
(193,	'B',	30.00),
(196,	'D12A',	30.00),
(199,	'H12A',	30.00),
(202,	'P6',	30.00),
(206,	'H80',	30.00),
(207,	'H85',	30.00),
(208,	'P2',	30.00),
(209,	'P4',	30.00),
(211,	'hujerVELKÝ',	30.00),
(212,	'hujerHUJER',	30.00),
(213,	'hujerMALÝH',	30.00),
(215,	'P1',	30.00),
(217,	'H10L',	30.00),
(218,	'D10L',	30.00),
(219,	'OpenOpen',	30.00),
(220,	'OPEN',	30.00),
(227,	'D35S',	30.00),
(228,	'D45S',	30.00),
(231,	'D55S',	30.00),
(232,	'H35S',	30.00),
(233,	'H45S',	30.00),
(234,	'H55S',	30.00),
(235,	'T10',	30.00),
(236,	'T10P',	30.00),
(237,	'TOpen',	30.00),
(238,	'F3',	30.00),
(239,	'F5',	30.00),
(242,	'H135',	30.00),
(243,	'D135',	30.00),
(244,	'DH12',	30.00),
(263,	'H21\r\nD18',	30.00),
(264,	'D21\r\nMIX',	30.00),
(265,	'P5',	30.00),
(266,	'H21K',	30.00),
(267,	'H21L',	30.00),
(268,	'H35K',	30.00),
(269,	'H35L',	30.00),
(270,	'H45K',	30.00),
(271,	'H45L',	30.00),
(272,	'D21K',	30.00),
(273,	'D21L',	30.00),
(274,	'D35K',	30.00),
(275,	'D35L',	30.00),
(276,	'D45K',	30.00),
(277,	'D45L',	30.00),
(278,	'T',	30.00),
(279,	'H180',	30.00),
(280,	'D55C\r\nH10C',	30.00),
(281,	'H75\r\nD10',	30.00),
(282,	'D65\r\nHDR',	30.00),
(283,	'H12D H14C',	30.00),
(284,	'H16D H18C',	30.00),
(285,	'H35D H45C',	30.00),
(286,	'D10C D12C',	30.00),
(287,	'D14D D16C',	30.00),
(288,	'D16D D18C',	30.00),
(289,	'D21D D35C',	30.00),
(290,	'D35D D45C',	30.00),
(291,	'D45D D55C ',	30.00),
(292,	'TL',	30.00),
(293,	'TK',	30.00),
(294,	'TO',	30.00),
(295,	'D10L (LINI',	30.00),
(296,	'D21ABC',	30.00),
(297,	'D35BC',	30.00),
(298,	'D40BC',	30.00),
(299,	'D45BC',	30.00),
(300,	'D50BC',	30.00),
(301,	'D55BC',	30.00),
(302,	'H10L (LINI',	30.00),
(303,	'D10F',	30.00),
(304,	'D60\r\nH10F',	30.00),
(305,	'H10F',	30.00),
(306,	'D180',	30.00),
(307,	'H65\r\nD10',	30.00),
(308,	'D55\r\nHDR',	30.00),
(309,	'TE (20 KČ)',	30.00),
(310,	'A (0 KČ)',	30.00),
(311,	'DH18',	30.00),
(312,	'DH21',	30.00),
(313,	'DH175',	30.00),
(314,	'DH225',	30.00),
(315,	'DH275',	30.00),
(316,	'DH300',	30.00),
(317,	'DH14',	30.00);

INSERT INTO `app_tag` (`id`, `name`, `color`) VALUES
(1,	'Ostatní',	'F4F4F4'),
(2,	'Žebříček A',	'FFED00'),
(3,	'Liga Vysočiny',	'B1EEAD'),
(4,	'Mistrovství ČR',	'A6C1FF'),
(5,	'Žebříček B - Čechy',	'FF8585'),
(6,	'Žebříček B - Morava',	'FFB349'),
(7,	'Český pohár',	'DFB0FF'),
(8,	'Český pohár štafet',	'C1A99A'),
(9,	'POT',	'c0c0c0'),
(10,	'Letní trénink',	'DFFFB0');

INSERT INTO `con_sideblock` (`id`, `name`, `position`, `order`, `content`) VALUES
(1,	'Kalendář akcí',	'left',	1,	'{control calendarReader}'),
(5,	'Novinky ČSOS',	'right',	1,	'{control remoteNewsReader}');

INSERT INTO `con_staticPage` (`id`, `name`, `content`, `content_src`, `parent_id`, `lastModDate`, `lastModUser`, `url`) VALUES
(14,	'O nás',	'\n<p>O oddílu…</p>\n\n<!-- by Texy2! -->',	'O oddílu...',	NULL,	'2013-03-26',	1,	'o-nas');

INSERT INTO `doc_filetype` (`id`, `icon`, `extension`) VALUES
(1,	'doc.gif',	'doc'),
(2,	'xls.gif',	'xls'),
(3,	'zip.gif',	'zip'),
(4,	'zip.gif',	'rar'),
(5,	'pdf.gif',	'pdf'),
(6,	'exe.gif',	'exe'),
(7,	'txt.gif',	'txt'),
(8,	'unknown.gif',	'*'),
(11,	'html.gif',	'htm'),
(12,	'html.gif',	'html'),
(13,	'img.gif',	'jpg'),
(14,	'img.gif',	'jpeg'),
(15,	'img.gif',	'gif'),
(16,	'img.gif',	'png'),
(17,	'img.gif',	'bmp'),
(18,	'doc.gif',	'docx'),
(19,	'xls.gif',	'xlsx'),
(20,	'zip.gif',	'tar'),
(21,	'zip.gif',	'gz');

INSERT INTO `forum_topic` (`id`, `name`, `url`, `desc`) VALUES
(1,	'Tréninky',	'treninky',	'Pozvánky, srazy, hodnocení.'),
(2,	'Stránky',	'stranky',	'Nenašli jste na stránkách, co jste hledali? Něco nefunguje? Pište sem.'),
(3,	'Závody',	'zavody',	'Pozvánky, srazy, hodnocení, doprava.'),
(4,	'Ostatní',	'ostatni',	'Různé.'),
(5,	'Vzkazy členům',	'vzkazy-clenum',	'Informace pro členy oddílu');

INSERT INTO `org_information` (`id`, `name`, `html`) VALUES
(1,	'Místo',	1),
(2,	'Shromaždiště',	1),
(3,	'Datum konání',	0),
(4,	'Pořadatel',	1),
(5,	'Kategorie',	0),
(6,	'Prezentace',	0),
(7,	'Start 00',	0),
(8,	'Mapa',	1),
(9,	'Vzdálenosti',	0),
(10,	'Přihlášky',	1),
(11,	'Terén',	0),
(12,	'Občerstvení',	0),
(13,	'Ředitel závodu',	0),
(14,	'Hlavní rozhodčí',	0),
(15,	'Stavitel tratí',	0),
(16,	'Startovné',	0),
(17,	'Popisy kontrol',	0),
(18,	'Způsob ražení',	0),
(19,	'Doprava na start',	0),
(20,	'Odevzdávání map',	0),
(21,	'Výsledky',	0),
(22,	'Vyhlášení vítězů',	0),
(24,	'Převlékání',	0),
(25,	'WC',	0),
(26,	'První pomoc',	0),
(27,	'Školka',	0),
(28,	'Jury',	0),
(29,	'Protesty',	0),
(30,	'Zařazení závodu do soutěží',	0),
(31,	'Příjezd',	0),
(32,	'Vybavení centra',	0),
(33,	'Čas vítěze',	0),
(34,	'Povinné úseky',	0),
(35,	'Zakázané prostory',	0),
(36,	'Časový limit',	0),
(37,	'Čas uzavření cíle',	0),
(38,	'Poznámky, zákazy',	0),
(39,	'Zajímavosti',	0),
(40,	'Předpis',	0),
(41,	'Závěrem',	0),
(42,	'Typ závodu',	0);

INSERT INTO `system_acl` (`id`, `role_id`, `privilege_id`, `resource_id`, `allowed`, `assertion`) VALUES
(1,	2,	NULL,	NULL,	'Y',	0),
(4,	1,	NULL,	NULL,	'N',	0),
(7,	7,	NULL,	14,	'Y',	0),
(8,	7,	NULL,	20,	'Y',	0),
(9,	7,	NULL,	21,	'Y',	1),
(10,	7,	NULL,	29,	'Y',	1),
(11,	7,	NULL,	30,	'Y',	1),
(12,	7,	3,	13,	'Y',	0),
(13,	8,	NULL,	2,	'Y',	1),
(14,	8,	11,	8,	'Y',	0),
(15,	9,	NULL,	12,	'Y',	0),
(16,	9,	NULL,	13,	'Y',	0),
(17,	9,	NULL,	19,	'Y',	0),
(18,	9,	NULL,	22,	'Y',	0),
(19,	9,	NULL,	23,	'Y',	0),
(20,	9,	NULL,	29,	'Y',	0),
(21,	9,	NULL,	30,	'Y',	0),
(22,	9,	NULL,	34,	'Y',	0),
(23,	10,	NULL,	3,	'Y',	0),
(24,	10,	NULL,	2,	'Y',	0),
(25,	10,	NULL,	8,	'Y',	0),
(26,	10,	NULL,	11,	'Y',	0),
(27,	11,	NULL,	1,	'Y',	0),
(28,	12,	NULL,	16,	'Y',	0),
(29,	12,	NULL,	17,	'Y',	0),
(30,	12,	NULL,	18,	'Y',	0),
(31,	13,	NULL,	40,	'Y',	0),
(33,	7,	1,	25,	'Y',	1),
(34,	7,	4,	25,	'Y',	1),
(35,	7,	NULL,	24,	'Y',	1),
(36,	7,	NULL,	28,	'Y',	1),
(37,	7,	3,	25,	'Y',	1),
(38,	1,	12,	25,	'Y',	1),
(39,	9,	NULL,	48,	'Y',	0),
(40,	10,	13,	40,	'Y',	0),
(41,	14,	NULL,	25,	'Y',	0),
(42,	14,	NULL,	26,	'Y',	0),
(43,	14,	NULL,	28,	'Y',	0),
(44,	14,	NULL,	24,	'Y',	0),
(45,	15,	NULL,	49,	'Y',	0),
(46,	9,	NULL,	14,	'Y',	0);

INSERT INTO `system_privilege` (`id`, `name`) VALUES
(2,	'add'),
(6,	'applications'),
(4,	'delete'),
(1,	'edit'),
(10,	'editInformation'),
(7,	'exports'),
(3,	'list'),
(11,	'listApplications'),
(8,	'transactions'),
(12,	'view'),
(5,	'vote');

INSERT INTO `system_resource` (`id`, `name`, `assertion`, `assertionDesc`) VALUES
(1,	'app_account',	NULL,	NULL),
(2,	'app_entry',	'\\Model\\App\\Entry::assertion',	'je mezi přihlašovateli daného závodníka aneo má na starosti celý závod'),
(3,	'app_category',	NULL,	NULL),
(8,	'app_race',	NULL,	NULL),
(11,	'app_tag',	NULL,	NULL),
(12,	'con_staticPage',	'\\Model\\Con\\StaticPage::assertion',	NULL),
(13,	'doc_directory',	NULL,	NULL),
(14,	'doc_file',	NULL,	NULL),
(16,	'forum_post',	NULL,	NULL),
(17,	'forum_thread',	NULL,	NULL),
(18,	'forum_topic',	NULL,	NULL),
(19,	'gallery_directory',	NULL,	NULL),
(20,	'gallery_gallery',	NULL,	NULL),
(21,	'gallery_photo',	'\\Model\\Gallery\\Photo::assertion',	NULL),
(22,	'link_category',	NULL,	NULL),
(23,	'link_link',	NULL,	NULL),
(24,	'org_brief',	'\\Model\\Org\\Brief::assertion',	'je autor novinky nebo správce eventu'),
(25,	'org_event',	'\\Model\\Org\\Event::assertion',	'view: je přihlášen, ostatní: je správce eventu'),
(26,	'org_information',	NULL,	NULL),
(28,	'org_race',	'\\Model\\Org\\Race::assertion',	'je správce eventu'),
(29,	'publication_article',	'\\Model\\Publication\\Article::assertion',	'je autor'),
(30,	'publication_brief',	'\\Model\\Publication\\Brief::assertion',	'je autor'),
(34,	'survey_survey',	NULL,	NULL),
(39,	'system_role',	NULL,	NULL),
(40,	'system_user',	NULL,	NULL),
(41,	'transport_car',	NULL,	NULL),
(42,	'transport_demand',	NULL,	NULL),
(43,	'transport_event',	NULL,	NULL),
(44,	'transport_message',	NULL,	NULL),
(45,	'transport_realization',	NULL,	NULL),
(46,	'transport_supply',	NULL,	NULL),
(47,	'property_property',	NULL,	NULL),
(48,	'con_sideblock',	NULL,	NULL),
(49,	'publication_event',	NULL,	NULL);

INSERT INTO `system_role` (`id`, `name`, `parent_id`, `table`, `desc`) VALUES
(1,	'guest',	NULL,	'',	'Základní role nepřihlášeného uživatele.\r\nOstatní bežné role od něj dědí.'),
(2,	'superuser',	NULL,	'',	'Může všechno se vším.'),
(7,	'basic',	1,	'',	'Základní role přihlášeného uživatele.'),
(8,	'registered',	1,	'',	'Role uživatele s registrací. Je přidělována automaticky. Může využívat přihláškový systém.'),
(9,	'editor',	7,	'',	'Má přístup ke všem článkům, novinkám, dokumentů, galeriím, odkazům. Obsahové části webu.'),
(10,	'race_manager',	7,	'',	'Může zadávat závody do systému, vytvářet přihlášky komukoli.'),
(11,	'accountant',	7,	'',	'Spravuje účty a vidí výpisy tabulek s platbami.'),
(12,	'moderator',	7,	'',	'Může moderovat diskuze.'),
(13,	'user_manager',	7,	'',	'Může spravovat uživatelské účty, členy a příznivce.'),
(14,	'org_manager',	7,	'',	'Vytváření a správa organizovaných událostí, správa kousků informací k závodům.'),
(15,	'astronomer',	7,	'',	'Vkládání a úprava událostí v kalendáři.');

INSERT INTO `system_tokenType` (`id`, `name`) VALUES
(1,	'RSSnews');

INSERT INTO `system_user` (`id`, `login`, `password`, `name`, `surname`, `sex`, `lastLog`, `lastIP`, `phone`, `address`, `email`, `IM`, `other`, `public`, `active`, `account_id`, `registration`) VALUES
(1,	'admin',	'21232f297a57a5a743894a0e4a801fc3',	'[Admin]',	'[Adminovič]',	'M',	'0000-00-00 00:00:00',	NULL,	NULL,	NULL,	NULL,	NULL,	NULL,	0,	1,	NULL,	NULL);

INSERT INTO `system_user2role` (`user_id`, `role_id`) VALUES
(1,	2);

-- 2013-03-27 00:07:30
